--CREAZIONE TABELLE
CREATE TABLE Sede (
    ID VARCHAR (3),
    CAP CHAR (5) NOT NULL,
    via VARCHAR (25) NOT NULL,
    n_civico SMALLINT NOT NULL,
    telefono VARCHAR (13) NOT NULL,
    UNIQUE (telefono),
    PRIMARY KEY (ID)
)ENGINE=InnoDb;
CREATE TABLE Stipendio (
    tipo VARCHAR (15),
    imp_lordo DECIMAL NOT NULL,
    imp_netto DECIMAL,
    PRIMARY KEY (tipo)
)ENGINE=InnoDb;
CREATE TABLE Paziente (
    CF VARCHAR (16),
    nome VARCHAR (30),
    cognome VARCHAR (30),
    telefono VARCHAR (13),
    via VARCHAR (35) NOT NULL,
    n_civico TINYINT NOT NULL,
    CAP CHAR (5) NOT NULL,
    PRIMARY KEY (CF)
)ENGINE=InnoDb;
CREATE TABLE Personale ( 
    CF VARCHAR (16),
    nome VARCHAR (30),
    cognome VARCHAR (30),
    datadinascita DATE,
    sesso ENUM ('M','F'),
    telefono VARCHAR (13),
    tipo VARCHAR (30),
    grado VARCHAR (30) default null,
    CAP CHAR (5),
    via VARCHAR (25),
    n_civico SMALLINT,
    IBAN VARCHAR (27) NOT NULL,
    sede VARCHAR (3),
    PRIMARY KEY (CF),
    FOREIGN KEY (sede) REFERENCES Sede (ID),
    FOREIGN KEY (tipo) REFERENCES Stipendio (tipo)
)ENGINE=InnoDb;
CREATE TABLE Reparto (
    codice CHAR (4),
    tipo VARCHAR (25) UNIQUE,
    primario VARCHAR (16),
    FOREIGN KEY (primario) REFERENCES Personale (CF),
    PRIMARY KEY (codice)
)ENGINE=InnoDb;
CREATE TABLE StanzaSp ( 
    n_stanza TINYINT,
    sede VARCHAR (3),
    reparto CHAR (4),
    FOREIGN KEY (sede) REFERENCES Sede (ID),
    FOREIGN KEY (reparto) REFERENCES Reparto (codice),
    PRIMARY KEY (n_stanza, sede, reparto)
)ENGINE=InnoDb;
CREATE TABLE StanzaRi ( 
    n_stanza TINYINT,
    sede VARCHAR (3),
    reparto CHAR (4),
    prezzo_notte DECIMAL (6,2) NOT NULL,
    tipo VARCHAR(10),
    FOREIGN KEY (sede) REFERENCES Sede (ID),
    FOREIGN KEY (reparto) REFERENCES Reparto (codice),
    PRIMARY KEY (n_stanza, sede, reparto, tipo)
)ENGINE=InnoDb;
CREATE TABLE TipoEsame (
    nome VARCHAR(25),
    prezzo DECIMAL NOT NULL,
    PRIMARY KEY (nome)
) ENGINE=InnoDb;
CREATE TABLE PrenotazioneStanza (
    ID INT(11) auto_increment,
    data_inizio DATETIME NOT NULL,
    data_fine DATETIME NOT NULL,
    data_p DATETIME NOT NULL,
    pagamento BOOLEAN,
    paziente VARCHAR (16),
    stanza TINYINT,
    reparto CHAR (4),
    sede VARCHAR (3),
    tipo VARCHAR(25) NOT NULL,
    FOREIGN KEY (stanza) REFERENCES StanzaRi (n_stanza),
    FOREIGN KEY (sede) REFERENCES StanzaRi (sede),
    FOREIGN KEY (reparto) REFERENCES StanzaRi (reparto),
    FOREIGN KEY (paziente) REFERENCES Paziente (CF),
    PRIMARY KEY (ID, tipo)
)ENGINE=InnoDb;
CREATE TABLE PrenotazioneEsame (
    ID INT (11) auto_increment,
    data_p DATETIME NOT NULL,
    data_e DATETIME NOT NULL,    
    pagamento BOOLEAN,
    paziente VARCHAR(16),
    stanza TINYINT,
    reparto CHAR (4),
    sede VARCHAR (3),
    tipo VARCHAR(25),
    PRIMARY KEY (ID),
    FOREIGN KEY (stanza) REFERENCES StanzaSp(n_stanza),
    FOREIGN KEY (reparto) REFERENCES StanzaSp(reparto),
    FOREIGN KEY (sede) REFERENCES StanzaSp(sede),
    FOREIGN KEY (paziente) REFERENCES Paziente(CF),
    FOREIGN KEY (tipo) REFERENCES TipoEsame(nome)
)ENGINE=InnoDb;
CREATE TABLE Macchinario (
    n_serie VARCHAR (11),
    nome VARCHAR (30),
    casa_prod VARCHAR (30),
    ultima_revisione DATE,
    n_stanza TINYINT,
    reparto CHAR (4),
    sede VARCHAR (3),
    FOREIGN KEY (n_stanza) REFERENCES StanzaSp (n_stanza),
    FOREIGN KEY (reparto) REFERENCES StanzaSp (reparto),
    FOREIGN KEY (sede) REFERENCES StanzaSp (sede),
    PRIMARY KEY (n_serie)
)ENGINE=InnoDb;
CREATE TABLE Costituisce ( 
    sede VARCHAR(3),
    reparto CHAR (4),
    FOREIGN KEY (sede) REFERENCES Sede (ID),
    FOREIGN KEY (reparto) REFERENCES Reparto (codice),
    PRIMARY KEY (sede, reparto)
)ENGINE=InnoDb;
CREATE TABLE EsameEffettuato (
    ID INT(11) auto_increment,
    paziente VARCHAR(16),
    tipo_esame VARCHAR(25),
    stanza VARCHAR (8) NOT NULL,
    terapia VARCHAR(100), 
    diagnosi VARCHAR(100),
    medico VARCHAR(20) NOT NULL,
    FOREIGN KEY(tipo_esame) REFERENCES TipoEsame(nome),
    FOREIGN KEY (paziente) REFERENCES Paziente(CF),
    PRIMARY KEY(ID)
)ENGINE=InnoDb;

--POPOLAMENTO TABELLE

INSERT INTO Sede VALUES
("VI1","36100","Via roma", 2,"0444977328"),
("VI2","36040","Via dellindustria", 24 ,"0444354022"),
("PD1","35100","Via IV novembre", 39,"0492314458"),
("TR1","38014","Via Venezia",3 ,"0461556321"),
("BL1","32100","Via Col di Lana", 102,"0437823145");


INSERT INTO Stipendio VALUES 
("medico",2833, 3060),
("primario",3180, 3816),
("infermiere",2125, 2520),
("c.infermiere",2310,2772),
("segreteria",1750,2100),
("ata",1820,2184),
("tecnico",1960,2352);


INSERT INTO Personale VALUES
("MHMNCN37C42A001Z","INNOCENZA","MOHAMMADIAN","1937-03-02","F","3937815668","ata",NULL,"36033","Brioli",51,"IT60X0542811101000000123456","VI1"),
("MHDNCN37C42A001Z","CRISTIAN","GASTALDON","2006-06-05","M","3737815668","medico",NULL,"36032","Roma",50,"IT60X0542811101000000123455","VI2"),
("ANDDND68E05F399E","SARA","FORALOSSO","1999-12-01","F","3537815668","primario",NULL,"36031","Firenze",8,"IT60X0542811101000000123457","PD1"),
("DNDSVT65T22L477D","GIANNI","HU","2000-07-12","M","3337815668","infermiere",NULL,"36030","Pino",98,"IT60X0542811101000000123456","TR1"),
("CRRSVT56B27F399B","SALVATORE","CARRINO","1956-02-27","M","3137815668","ata",NULL,"36029","Ragazzi del 99",32,"IT60X0542811101000000123458","BL1"),
("DNDMRS64P60F399G","MAURA ROSARIA","DONADIO","1964-09-20","F","2937815668","segreteria",NULL,"36028","All'acqua",37,"IT60X0542811101000000123457","PD1"),
("DNDNCL76L24G786K","NICOLA","DONADIO","1976-07-24","M","2737815668","segreteria",NULL,"36027","Chiodo",21,"IT60X0542811101000000123459","TR1"),
("TCCDNC73D25F052A","DOMENICO SANTO","TUCCI","1973-04-25","M","2537815668","ata",NULL,"36026","Napoleone",94,"IT60X0542811101000000123458","PD1"),
("MNTNNR66M15F052I","ANTONIO ROCCO","MONTESANO","1966-08-15","M","2337815668","c.infermiere",NULL,"36025","Mazzini",47,"IT60X0542811101000000123460","PD1"),
("DNDSVT65W22L477D","SALVATORE","DONADIO","1965-12-22","M","2137815668","medico",NULL,"36024","Parigini",70,"IT60X0542811101000000123459","VI1"),
("FNCGLG68R05F399E","GIANLUIGI","FINOCCHIARO","2008-05-05","M","1937815668","primario",NULL,"36023","Sassolini",98,"IT60X0542811101000000123461","PD1"),
("BNDNDR90E15G712A","ANDREA","BENEDETTO","1990-05-15","F","1737815668","medico",NULL,"36022","Pisa",35,"IT60X0542811101000000123460","TR1"),
("BLLVCN72L22F052W","VINCENZO","BELLINO","1972-07-22","M","1537815668","tecnico",NULL,"36021","Milano",83,"IT60X0542811101000000123462","BL1"),
("PZZGPP79H15G786W","GIUSEPPE","PIZZOLLA","1979-06-15","M","1337815668","c.infermiere",NULL,"36020","Torino",39,"IT60X0542811101000000123461","TR1"),
("TCCVMR66P20F052Q","VITO MAURIZIO ANTONIO","TUCCI","1966-09-20","M","1137815668","infermiere",NULL,"36019","Giotto",15,"IT60X0542811101000000123463","VI2"),
("SCRRCC66H16F052M","ROCCO","SIFREDI","1966-06-16","M","6937815668","ata",NULL,"36018","Leopardi",69,"IT60X0542811101000000123462","BL1"),
("NNZMHL73M28L477R","MICHELE","IANNUZZI","1973-08-28","M","8737815668","ata",NULL,"36017","Navon",19,"IT60X0542811101000000123464","BL1"),
("SNTSFN61H24A942B","STEFANO GIOVANNI","SANTARCANGELO","1961-06-24","M","5378156689","ata",NULL,"36016","4 novembre",56,"IT60X0542811101000000123463","VI1"),
("CNTRFL58S08F399L","RAFFAELE","CONTE","1958-11-08","M","3378156689","tecnico",NULL,"36015","Gesù   Cristo",11,"IT60X0542811101000000123465","BL1"),
("STGGPP61A28A801X","GIUSEPPE","STIGLIANO","1961-01-28","M","1378156688","segreteria",NULL,"36014","Dei santi",89,"IT60X0542811101000000123464","BL1"),
("LMBNCL67L09I954F","NICOLA","LOMBARDI","1967-07-09","M","4621843326","infermiere",NULL,"36013","Giuseppe Maria",26,"IT60X0542811101000000123466","TR1"),
("DNDMRC78E20F839E","MARCO IGINO NICOLA","D'ANDREA","1978-05-20","M","4621843326","ata",NULL,"36012","Firenze",84,"IT60X0542811101000000123465","VI2"),
("MTRRCC76L16I954B","ROCCO","MATARRESE","1978-07-16","M","4621843326","segreteria",NULL,"36011","Ologna",12,"IT60X0542811101000000123467","BL1"),
("MTRGNN50T17I954Q","GIOVANNI","MATARRESE","1950-12-17","M","4621843326","medico",NULL,"36010","Bologna",91,"IT60X0542811101000000123466","VI1"),
("TRCGPR64P01F907M","GINO PROSPERO","TRUNCELLITO","1964-09-01","M","4621843326","medico",NULL,"36009","Lucrezia",51,"IT60X0542811101000000123468","TR1"),
("NTZVCN54M13F052E","VINCENZO","ANTEZZA","1954-08-13","M","4621843326","c.infermiere",NULL,"36008","Miotello",70,"IT60X0542811101000000123467","BL1"),
("RSSVCN63D28G712W","VINCENZO FABIO","RUSSO","1963-04-24","M","4621843326","tecnico",NULL,"36007","Vicenza",99,"IT60X0542811101000000123469","VI2"),
("QNTSVT69P09G712B","SALVATORE GAETANO","QUINTO","1969-09-09","M","4621843326","primario",NULL,"36006","Francesco Guardi",61,"IT60X0542811101000000123468","BL1"),
("VGGNCL76P13I954H","NICOLA","VIGGIANO","1976-09-13","M","4621843326","infermiere",NULL,"36005","Fornaci",96,"IT60X0542811101000000123470","PD1"),
("PZZDNC53D17F201X","DOMENICO","PIZZOLLA","1953-04-17","M","4621843326","segreteria",NULL,"36004","Murano",28,"IT60X0542811101000000123469","TR1"),
("BRTGPP69H27E093G","GIUSEPPE","BARTOLOMEO","1969-06-27","M","4621843326","ata",NULL,"36003","Bologna",17,"IT60X0542811101000000123471","VI1"),
("LZZMSL69B17I954Q","MARIO SALVATORE","LIUZZI","1969-02-17","M","4621843326","tecnico",NULL,"36002","Cristo Re",56,"IT60X0542811101000000123470","VI1"),
("DRANTN61M23F052U","ANTONIO","DARAIA","1961-08-23","M","4621843326","infermiere",NULL,"36001","4 novembre",91,"IT60X0542811101000000123472","PD1"),
("PCLNCL63A31D128G","NICOLA","PACILIO","1963-01-31","M","4621843326","primario",NULL,"36000","Ologna",84,"IT60X0542811101000000123471","PD1"),
("MRNFNC51B01G786M","FRANCESCO","MARINO","1951-02-01","M","4621843326","tecnico",NULL,"35999","Ragazzi del 99",46,"IT60X0542811101000000123473","VI1"),
("MRNNCL56B27H591V","NICOLA","MARINO","1956-02-27","M","4621843326","primario",NULL,"35998","Vicenza",76,"IT60X0542811101000000123472","BL1"),
("MRNTRN80P28L049T","ETTORE ANTONIO","MARINO","1980-09-28","M","4621843326","primario",NULL,"35997","Leopardi",50,"IT60X0542811101000000123474","VI1"),
("MRNDNC86E09G786Z","DOMENICO","MARINO","1986-05-09","M","4621843326","ata",NULL,"35996","Giuseppe Maria",80,"IT60X0542811101000000123473","VI1"),
("MGNVTI48A30F839B","VITO","MAGNANTE","1948-01-30","M","4621843326","medico",NULL,"35995","Miotello",65,"IT60X0542811101000000123475","VI1"),
("MNLGNN87M18I954Z","GIOVANNI","MANOLIO","1987-08-18","M","4621843326","c.infermiere",NULL,"35994","Firenze",17,"IT60X0542811101000000123474","VI1"),
("QNTFBA84M23F052A","FABIO","QUINTO","1984-08-23","M","4621843326","infermiere",NULL,"35993","Napoleone",27,"IT60X0542811101000000123476","PD1");


INSERT INTO Paziente VALUES
("JNNPRM52C18B921X","Priamo","Janner","68341185402","Via Gorizia",28,"10028"),
("TRNGTN93M02A861A","Gastone","Troncia","99645678313","Corso Lamarmora",86,"15121"),
("NLZGNR50T67B808E","Gennara","Naluzzo","54902208452","Via Madre Teresa Di Calcutta",65,"27020"),
("VRCMRM58M50C473E","Miriam","Avarucci","40004004363","Via Emilia",34,"27058"),
("SCHLVN58R61G128E","Livia","Floreal","52152320946","Via Della Pace",46,"40010"),
("LAVSCH31D34A106D","Lavinia","Schepici","77597343743","Via Pio La Torre",7,"56025"),
("CLACAM31D34A106D","Claudia","Camolese","2181696846","Via Quiete",16,"91100"),
("BRUFIO31D34A106D","Bruto","Fiorentino","84452750017","VIA DELL'ABBONDANZA",45,"81044"),
("DANROM31D34A106D","Danilo","Romani","17634387501","VIA BARLETE",64,"10050"),
("ANNTRE31D34A106D","Annunziata","Trentino","4227707213","VICOLO BISSI",73,"87070"),
("CHRMON31D34A106D","Christian","Monaldo","82155487972","VIA BENELLI BRUNO",33,"73040"),
("ANTDAV31D34A106D","Antonio","Davide","13227721540","VIALE LOMBARDO MARCO",71,"66030"),
("BRUMIL31D34A106D","Brunilde","Milani","42570001303","VIA MISSIROLI ICILIO",34,"56126"),
("GABRUS31D34A106D","Gabriella","Russo","5823912728","VIA TOBAGI WALTER",6,"51020"),
("BIBFIO31D34A106D","Bibiana","Fiorentino","61397750338","VIA FIUMICELLO",28,"66010"),
("RENCOS31D34A106D","Renato","Costa","84736497298","VIA ALDINI ALDO",75,"10090"),
("ANGDEL31D34A106D","Angelico","Dellucci","21361937835","VIA RE FILIPPO",56,"60010"),
("BENLO31D34A106D","Benedetta","Lo Duca","73854443055","VIA PIZZETTI ILDEBRANDO",70,"14037"),
("PIEGAL31D34A106D","Piera","Gallo","2317104551","VIA ARGINE DESTRO SAVIO",12,"27020"),
("LIBONI31D34A106D","Liberata","Onio","19453743037","VIA DEL LAVORO",77,"2047"),
("ROBBER31D34A106D","Roberta","Bergamaschi","87658703108","VIA DE GASPERI ALCIDE",22,"89865"),
("CARGRE31D34A106D","Carmela","Greece","59641408364","VIA LA PALISSE JACQUES",17,"63030"),
("VALMON31D34A106D","Valter","Monaldo","99002373588","VIA HOLBEIN HANS",8,"56020"),
("VITGRE31D34A106D","Vitale","Greece","85781211448","VIA CHIESA DAMIANO",64,"31055"),
("RINNAP31D34A106D","Rina","Napolitani","67455762111","VIA CALLEGATI ARRIGO",57,"41013"),
("SARBEL31D34A106D","Sara","Bellucci","78074164643","VIA PRATO",31,"12040"),
("OMEBEN31D34A106D","Omero","Beneventi","85709755867","VIA MESINI DON GIOVANNI",73,"25014"),
("ADOFOL31D34A106D","Adolfa","Folliero","70796720462","VIA LAMA LUCIANO",30,"8020"),
("GERRIZ31D34A106D","Gerardo","Rizzo","83053008689","VIA BALDINI SANTI",50,"18100"),
("LIAMAZ31D34A106D","Lia","Mazzanti","55124530767","VIA TREDICI MARZO 1987",75,"44000"),
("IGODAV31D34A106D","Igor","Davide","24665355101","VIA FELISATTI GIROLAMO",8,"36063"),
("ORTPAL31D34A106D","Ortensia","Palerma","68561143190","VIA SILVAGNI DON NICOLA",65,"36050"),
("ALFIAD31D34A106D","Alfreda","Iadanza","47521221563","VIA TURCI DON MARIO",59,"12030"),
("NICCAS31D34A106D","Nicodemo","Castiglione","59351556688","VIA SALIETTI ALBERTO",69,"89861"),
("ABETOS31D34A106D","Abele","Toscano","15293247694","VIA GRANDI ACHILLE",83,"89812"),
("MARRIC31D34A106D","Maria Teresa","Ricci","45861853480","VIA MINGUZZI",0,"10095"),
("PATDEL31D34A106D","Patrizio","Dellucci","92200471867","VIA MATTEOTTI GIACOMO",91,"10144"),
("PIOMAN31D34A106D","Pio","Manfrin","72562370814","PIAZZALE SOPRANI WILMA",61,"9040"),
("MELMIL31D34A106D","Melania","Milanesi","49692302726","VIALE VIRGILIO PUBLIO MARONE",27,"86084"),
("EMICAL31D34A106D","Emiliano","Calabresi","32779508608","VIALE LUCANO ANNEO MARCO",65,"66030"),
("VIRGEN31D34A106D","Virgilio","Genovese","45921924111","PIAZZA COSTA ANDREA",4,"27010"),
("CARBRU31D34A106D","Carmela","Bruno","84659111411","VIA BARBONI ORAZIO",6,"60020"),
("ANTLON31D34A106D","Antonietta","Longo","98425798853","PIAZZALE ROSSI GIOVANNI BATTISTA",80,"46040"),
("DOLBRU31D34A106D","Dolcelino","Bruno","20753849309","VIA BUSMANTI DARIO",14,"56026"),
("SAVCAL31D34A106D","Saverio","Calabresi","99137259661","VIA ORIOLI LUIGI",8,"64010"),
("VIOSCH31D34A106D","Viola","Schiavone","67312077700","VIA CAPPI ALESSANDRO",96,"34075"),
("CORLOR31D34A106D","Corinna","Lorenzo","68231910192","VIA BAGNOLO",77,"16012"),
("ADATRE31D34A106D","Adalgisa","Trevisan","29772691677","VIA BIANCOLI FRATELLI",79,"26040"),
("SIMCAT31D34A106D","Simonetta","Cattaneo","81303508581","VIA MARIGNOLLI GIOVANNI",40,"12070"),
("MICBIA31D34A106D","Michelino","Bianchi","73288349719","VIA GARAVINI BRUNO",65,"44042"),
("FEDNAP31D34A106D","Fedra","Napolitani","31536033385","PIAZZA MAMELI GOFFREDO",48,"6070"),
("BEAFAL31D34A106D","Beatrice","Fallaci","27499627010","VIA LA TORRE PIO",82,"45010"),
("LEALON31D34A106D","Leardo","Longo","54968734011","VIA ABBA CESARE",17,"73030"),
("FABFER31D34A106D","Fabrizia","Ferrari","43518987503","VIA ACQUARA SUPERIORE",98,"74010"),
("ADAEND31D34A106D","Adalfredo","Endrizzi","79306122736","VIA COSTANTINI MARIO",43,"15020"),
("PLAFER31D34A106D","Placido","Ferri","57472406356","VIA DEI TRE LATI",14,"47824"),
("TIMMIL31D34A106D","Timotea","Milani","83226613607","VIA FABBRI",61,"81012"),
("WALCAS31D34A106D","Walter","Castiglione","42366873049","VIA SAVINIO ALBERTO",6,"61030"),
("CIRBIA31D34A106D","Ciriaco","Bianchi","28577311097","VICOLO CHIESA",68,"24060"),
("CESDEL31D34A106D","Cesare","Dellucci","60945384407","CARRAIA VANGATICCIO",8,"55010"),
("OLIFAN31D34A106D","Olinto","Fanucci","58555742013","CARRAIA CANOVA",48,"17026"),
("SANTRE31D34A106D","Santina","Trevisan","83061106308","VICOLO DEL SALE",74,"25041"),
("AMBTOS31D34A106D","Ambrosino","Toscano","23882231191","CARRARONE CHIESA",17,"28070"),
("ELIMAN31D34A106D","Elisa","Manfrin","57515766892","VICOLO CHIESA",85,"36070"),
("GIOFER31D34A106D","Gioele","Ferrari","90531980858","VIA SINISTRA CANALE MOLINETTO",90,"30035"),
("SANROM31D34A106D","Sandro","Romano","49892820550","CARRAIA GRAZIANI",84,"27020"),
("VINMIL31D34A106D","Vincenza","Milanesi","7858737672","CARRAIA SORBOLI",93,"61020"),
("EMAMAZ31D34A106D","Emanuela","Mazzi","83364853878","VIALE CABOTO",4,"36012"),
("DIOPIC31D34A106D","Dionisio","Piccio","37499965635","VIA MONTAGNOLA",93,"59100"),
("REBMAR31D34A106D","Rebecca","Marcelo","71521188089","PIAZZA MAZZINI GIUSEPPE",2,"46041"),
("BONFER31D34A106D","Bonacata","Ferrari","466675485","VIA DEL DOTTORE",80,"45100"),
("DEMLOM31D34A106D","Demetrio","Lombardo","72761868952","VIA DEL BORGO",74,"52030"),
("MAUMIL31D34A106D","Maura","Milano","33012466724","VIA DORSO GUIDO",0,"41010"),
("NARFIO31D34A106D","Narciso","Fiorentino","50617226435","VIA NOCE TERESA",99,"16121"),
("CASLOR31D34A106D","Cassandra","Lori","18530703607","VIA FORLIVESE",6,"23035"),
("FACBER31D34A106D","Facino","Rossi","59355482127","VIA SANT'ALBERTO",89,"74020"),
("MACNAP31D34A106D","Macaria","Napolitani","81157553766","VIA FARINI EPAMINONDA",17,"12060"),
("FILBEL31D34A106D","Filomena","Bellucci","65164898660","VIA SAN VITALE STRADA STATALE",96,"41021"),
("ARTARC31D34A106D","Arturo","Arcuri","47740578022","VIA CASTELLO",72,"28040"),
("ANGCAL31D34A106D","Angelico","Calabrese","71110251261","VIA TORRES CAMILLO",21,"27020"),
("GINDER31D34A106D","Gina","DeRose","66701611358","VIA BUOZZI BRUNO",16,"55030"),
("NORLI31D34A106D","Norberto","Li Fonti","19200630373","VIA PIERO DELLA FRANCESCA",79,"59011"),
("GAEMON31D34A106D","Gaetana","Monaldo","27722091581","VIA BALLARDINI GIUSEPPE",70,"17037"),
("ALVNAP31D34A106D","Alvisa","Napolitano","72478489071","VIA DEL TEATRO SOCJALE",97,"31059"),
("MELARC31D34A106D","Melissa","Arcuri","73735986413","VIA DALLA CHIESA CARLO ALBERTO",64,"24040"),
("OREBEL31D34A106D","Orestilla","Bellucci","87784468780","PARCO DEL SOLE",75,"88837"),
("MARPIC31D34A106D","Maria","Piccio","74474215068","PARCO PASSO DI SAN GERVASIO",70,"15021"),
("AMAMIL31D34A106D","Amaranto","Milanesi","15364571467","PARCO DELLA PACE",25,"38050"),
("ILDSAL31D34A106D","Ilda","Sal","69234290564","PARCO DEGLI ALBERI FATATI",64,"90121"),
("LINDE31D34A106D","Lina","De Luca","93056714642","VIA CHIESA",16,"21052"),
("VIVNAP31D34A106D","Vivaldo","Napolitano","48062753507","VIA DELLA CILLA",44,"39056"),
("QUIPAD31D34A106D","Quirino","Padovesi","69929690461","VIA RICCI CORRADO",6,"165"),
("ISAGAL31D34A106D","Isaia","Gallo","57982185548","VIA SCHIAPPARELLI GIOVANNI VIRGILIO",25,"31020"),
("LODPIC31D34A106D","Lodovica","Piccio","83118182738","VIA FRISI PAOLO",28,"11020"),
("GERPIS31D34A106D","Gerardino","Pisani","61098856516","VIA BOZZI ALDO",71,"10010"),
("ERMLUC31D34A106D","Ermes","Lucchesi","55894162840","VIA BACCARINI ALFREDO",73,"73012"),
("ALISCH31D34A106D","Alighiero","Schiavone","21988916439","VIA QUASIMODO SALVATORE",80,"23865"),
("STACAL31D34A106D","Stanislao","Calabrese","32491496112","VIA PACIOLI LUCA",30,"87060"),
("ADRBRU31D34A106D","Adriana","Bruno","26840854664","LUNGOMARE COLOMBO CRISTOFORO",48,"19010"),
("ORAUDI31D34A106D","Orazio","Udinesi","2673610265","VICOLO CHIESA",37,"10068"),
("OFERIC31D34A106D","Ofelia","Ricci","2152037385","VIALE ALBERTI LEON BATTISTA",52,"12010");

INSERT INTO Reparto VALUES
("CHMA","Maxillo","ANDDND68E05F399E"),
("CHVA","Chirurgia vascolare","FNCGLG68R05F399E"),
("MEDE","Dermatologia","QNTSVT69P09G712B"),
("MEFI","Fisioterapia","PCLNCL63A31D128G"),
("CHGE","Chirurgia Generale","MRNTRN80P28L049T");

INSERT INTO StanzaRi ( n_stanza, sede, reparto, prezzo_notte, tipo) VALUES
(1,"VI1","CHMA",20,"standard"),
(2,"VI1","CHVA",20,"standard"),
(3,"VI1","MEDE",20,"standard"),
(4,"VI1","MEFI",20,"standard"),
(5,"VI1","CHGE",30,"comfort"),
(6,"VI1","CHMA",30,"comfort"),
(7,"VI1","CHVA",30,"comfort"),
(8,"VI1","MEDE",30,"comfort"),
(9,"VI1","MEFI",30,"comfort"),
(10,"VI1","CHGE",50,"suite"),
(11,"VI1","CHMA",50,"suite"),
(12,"VI1","CHVA",50,"suite"),
(13,"VI1","MEDE",50,"suite"),
(14,"VI1","MEFI",50,"suite"),
(15,"VI1","CHGE",50,"suite"),
(1,"VI2","CHMA",20,"standard"),
(2,"VI2","CHVA",20,"standard"),
(3,"VI2","MEDE",20,"standard"),
(4,"VI2","MEFI",20,"standard"),
(5,"VI2","CHGE",30,"comfort"),
(6,"VI2","CHMA",30,"comfort"),
(7,"VI2","CHVA",30,"comfort"),
(8,"VI2","MEDE",30,"comfort"),
(10,"VI2","CHGE",50,"suite"),
(11,"VI2","CHMA",50,"suite"),
(12,"VI2","CHVA",50,"suite"),
(13,"VI2","MEDE",50,"suite"),
(14,"VI2","MEFI",50,"suite"),
(15,"VI2","CHGE",50,"suite"),
(1,"PD1","CHMA",20,"standard"),
(2,"PD1","CHVA",20,"standard"),
(3,"PD1","MEDE",20,"standard"),
(4,"PD1","MEFI",20,"standard"),
(5,"PD1","CHGE",30,"comfort"),
(6,"PD1","CHMA",30,"comfort"),
(7,"PD1","CHVA",30,"comfort"),
(8,"PD1","MEDE",30,"comfort"),
(9,"PD1","MEFI",30,"comfort"),
(10,"PD1","CHGE",50,"suite"),
(11,"PD1","CHMA",50,"suite"),
(12,"PD1","CHVA",50,"suite"),
(13,"PD1","MEDE",50,"suite"),
(14,"PD1","MEFI",50,"suite"),
(15,"PD1","CHGE",50,"suite"),
(1,"TR1","CHMA",20,"standard"),
(2,"TR1","CHVA",20,"standard"),
(3,"TR1","MEDE",20,"standard"),
(4,"TR1","MEFI",20,"standard"),
(5,"TR1","CHGE",30,"comfort"),
(6,"TR1","CHMA",30,"comfort"),
(7,"TR1","CHVA",30,"comfort"),
(8,"TR1","MEDE",30,"comfort"),
(9,"TR1","MEFI",30,"comfort"),
(10,"TR1","CHGE",50,"suite"),
(11,"TR1","CHMA",50,"suite"),
(12,"TR1","CHVA",50,"suite"),
(13,"TR1","MEDE",50,"suite"),
(14,"TR1","MEFI",50,"suite"),
(15,"TR1","CHGE",50,"suite"),
(1,"BL1","CHMA",20,"standard"),
(2,"BL1","CHVA",20,"standard"),
(3,"BL1","MEDE",20,"standard"),
(4,"BL1","MEFI",20,"standard"),
(5,"BL1","CHGE",30,"comfort"),
(6,"BL1","CHMA",30,"comfort"),
(7,"BL1","CHVA",30,"comfort"),
(8,"BL1","MEDE",30,"comfort"),
(9,"BL1","MEFI",30,"comfort"),
(10,"BL1","CHGE",50,"suite"),
(11,"BL1","CHMA",50,"suite"),
(12,"BL1","CHVA",50,"suite"),
(13,"BL1","MEDE",50,"suite"),
(14,"BL1","MEFI",50,"suite"),
(15,"BL1","CHGE",50,"suite");

INSERT INTO StanzaSp VALUES 
(100,"VI1","CHMA"),
(102,"VI1","CHVA"),
(103,"VI1","MEDE"),
(104,"VI1","MEFI"),
(105,"VI1","CHGE"),
(101,"VI2","CHMA"),
(102,"VI2","CHVA"),
(103,"PD1","MEDE"),
(104,"PD1","MEFI"),
(105,"PD1","CHGE"),
(101,"TR1","CHVA"),
(102,"TR1","MEDE"),
(103,"TR1","MEFI"),
(104,"TR1","CHGE"),
(101,"BL1","MEDE"),
(102,"BL1","MEFI"),
(103,"BL1","CHGE");

Insert Into TipoEsame (nome, prezzo) values
("TAC",100),
("Ecografia",70),
("Visita medica",75),
("Visita chirurgica",85),
("Prelievo",45);

Insert Into PrenotazioneStanza (data_inizio, data_fine, data_p, pagamento, paziente, stanza, reparto, sede, tipo) VALUES
("2020-02-10","2020-02-15","2020-01-04",0,"ROBBER31D34A106D","1","CHMA","VI1","suite"),
("2020-02-11","2020-02-16","2020-01-03",0,"SIMCAT31D34A106D","3","MEDE","PD1","standard"),
("2020-02-12","2020-02-17","2020-01-02",0,"STACAL31D34A106D","10","MEFI","BL1","standard"),
("2020-02-05","2020-02-13","2020-01-01",1,"TIMMIL31D34A106D","12","MEDE","TR1","standard"),
("2020-02-14","2020-02-19","2019-12-31",0,"VITGRE31D34A106D","2","MEFI","VI1","standard"),
("2020-02-15","2020-02-20","2019-12-30",0,"MELMIL31D34A106D","5","CHGE","VI2","comfort"),
("2020-02-16","2020-02-21","2019-12-29",0,"NLZGNR50T67B808E","7","CHGE","VI2","comfort");


INSERT INTO PrenotazioneEsame (data_p, data_e, pagamento, paziente, stanza, reparto, sede, tipo) values
("2019-01-01 08:07:22","2019-01-10 08:07:22",0,"ABETOS31D34A106D",100,"CHMA","VI1","TAC"),
("2019-02-02 09:07:22","2019-02-08 09:07:22",0,"ADAEND31D34A106D",102,"CHVA","VI1","Ecografia"),
("2019-03-03 10:07:22","2019-03-03 10:07:22",0,"ADATRE31D34A106D",102,"MEDE","VI2","Visita medica"),
("2019-01-01 08:07:23","2019-08-09 08:07:23",0,"ADOFOL31D34A106D",104,"MEFI","VI2","Visita chirurgica"),
("2019-02-02 09:07:23","2019-02-02 09:07:23",0,"ADRBRU31D34A106D",105,"CHGE","VI2","Prelievo"),
("2019-03-03 10:07:23","2019-01-10 08:07:23",1,"ALFIAD31D34A106D",102,"CHMA","PD1","TAC"),
("2019-01-01 08:07:24","2019-02-08 09:07:23",1,"ALISCH31D34A106D",103,"CHVA","PD1","Ecografia"),
("2019-02-02 09:07:24","2019-03-03 10:07:23",1,"ALVNAP31D34A106D",104,"MEDE","PD1","Visita medica"),
("2019-03-03 10:07:24","2019-08-09 08:07:24",1,"AMAMIL31D34A106D",101,"CHMA","PD1","Visita chirurgica"),
("2019-01-01 08:07:25","2019-02-02 09:07:24",1,"AMBTOS31D34A106D",103,"CHVA","PD1","Prelievo"),
("2019-02-02 09:07:25","2019-01-10 08:07:24",1,"ANGCAL31D34A106D",102,"MEDE","TR1","TAC"),
("2019-03-03 10:07:25","2019-02-08 09:07:24",1,"ANGDEL31D34A106D",104,"MEFI","TR1","Ecografia"),
("2019-01-01 08:07:26","2019-03-03 10:07:24",0,"ANNTRE31D34A106D",105,"CHGE","TR1","Visita medica"),
("2019-02-02 09:07:26","2019-08-09 08:07:25",0,"ANTDAV31D34A106D",102,"CHVA","TR1","Visita chirurgica"),
("2019-03-03 10:07:26","2019-02-02 09:07:25",0,"ANTLON31D34A106D",103,"MEDE","BL1","Prelievo"),
("2019-01-01 08:07:27","2019-01-10 08:07:25",0,"ARTARC31D34A106D",104,"MEFI","BL1","TAC"),
("2019-02-02 09:07:27","2019-02-08 09:07:25",0,"BEAFAL31D34A106D",101,"CHGE","BL1","Ecografia"),
("2019-03-03 10:07:27","2019-03-03 10:07:25",0,"BENLO31D34A106D ",103,"MEDE","TR1","Visita medica"),
("2019-01-01 08:07:28","2019-08-09 08:07:26",0,"BIBFIO31D34A106D",102,"MEFI","TR1","Visita chirurgica"),
("2019-02-02 09:07:28","2019-02-02 09:07:26",0,"BONFER31D34A106D",104,"CHGE","TR1","Prelievo"),
("2019-03-03 10:07:28","2019-01-10 08:07:26",0,"BRUFIO31D34A106D",105,"CHMA","TR1","TAC"),
("2019-01-01 08:07:29","2019-02-08 09:07:26",0,"BRUMIL31D34A106D",102,"CHVA","BL1","Ecografia"),
("2019-02-02 09:07:29","2019-03-03 10:07:26",0,"CARBRU31D34A106D",103,"MEDE","VI1","Visita medica"),
("2019-03-03 10:07:29","2019-08-09 08:07:27",1,"CARGRE31D34A106D",104,"MEFI","VI1","Visita chirurgica"),
("2019-01-01 08:07:30","2019-02-02 09:07:27",1,"CASLOR31D34A106D",101,"CHGE","VI1","Prelievo"),
("2019-02-02 09:07:30","2019-01-10 08:07:27",1,"CESDEL31D34A106D",103,"CHMA","VI1","TAC"),
("2019-01-01 08:07:23","2019-02-08 09:07:27",1,"CHRMON31D34A106D",102,"CHVA","VI1","Ecografia"),
("2019-02-02 09:07:23","2019-03-03 10:07:27",1,"CIRBIA31D34A106D",104,"MEDE","VI2","Visita medica"),
("2019-03-03 10:07:23","2019-08-09 08:07:28",1,"CLACAM31D34A106D",105,"CHMA","VI2","Visita chirurgica"),
("2019-01-01 08:07:24","2019-02-02 09:07:28",1,"CORLOR31D34A106D",102,"CHVA","VI2","Prelievo"),
("2019-02-02 09:07:24","2019-01-10 08:07:28",0,"DANROM31D34A106D",103,"MEDE","PD1","TAC"),
("2019-03-03 10:07:24","2019-02-08 09:07:28",0,"DEMLOM31D34A106D",104,"MEFI","PD1","Ecografia"),
("2019-01-01 08:07:25","2019-03-03 10:07:28",0,"DIOPIC31D34A106D",101,"CHGE","PD1","Visita medica"),
("2019-02-02 09:07:25","2019-08-09 08:07:29",0,"DOLBRU31D34A106D",103,"CHVA","PD1","Visita chirurgica"),
("2019-03-03 10:07:25","2019-02-02 09:07:29",0,"ELIMAN31D34A106D",102,"MEDE","PD1","Prelievo"),
("2019-01-01 08:07:26","2019-01-10 08:07:29",0,"EMAMAZ31D34A106D",104,"MEFI","TR1","TAC"),
("2019-02-02 09:07:26","2019-02-08 09:07:29",0,"EMICAL31D34A106D",105,"CHGE","TR1","Ecografia"),
("2019-03-03 10:07:26","2019-03-03 10:07:29",0,"ERMLUC31D34A106D",102,"MEDE","VI1","Visita medica"),
("2019-01-01 08:07:27","2019-08-09 08:07:30",0,"FABFER31D34A106D",103,"MEFI","VI1","Visita chirurgica"),
("2019-02-02 09:07:27","2019-02-02 09:07:30",0,"FACBER31D34A106D",104,"CHGE","VI1","Prelievo"),
("2019-03-03 10:07:27","2019-01-10 08:07:30",0,"FEDNAP31D34A106D",101,"CHMA","VI1","TAC"),
("2019-01-01 08:07:28","2019-02-08 09:07:30",1,"FILBEL31D34A106D",103,"CHVA","VI1","Ecografia"),
("2019-02-02 09:07:28","2019-03-03 10:07:30",1,"GABRUS31D34A106D",102,"MEDE","VI2","Visita medica"),
("2019-03-03 10:07:28","2019-08-09 08:07:31",1,"GAEMON31D34A106D",104,"MEFI","VI2","Visita chirurgica");
("2019-01-01 08:07:22","2019-01-10 08:07:22",0,"ABETOS31D34A106D",105,"CHMA","VI1","TAC"),

Insert Into Macchinario VALUES
(23927102734,"Armadio porta farmaci","quirumed","2019-10-10",101,"CHMA","VI2"),
(23927102740,"Aspiratore","quirumed","2019-10-11",102,"CHVA","VI2"),
(23927102746,"ECG","quirumed","2019-10-12",102,"CHVA","VI1"),
(23927102752,"Autoclave","quirumed","2019-10-13",104,"CHGE","TR1"),
(23927102758,"Armadio porta farmaci","quirumed","2019-10-14",101,"MEDE","BL1"),
(23927102764,"Aspiratore","quirumed","2019-10-15",103,"MEFI","TR1"),
(23927102770,"ECG","quirumed","2019-10-16",102,"CHMA","PD1"),
(23927102776,"Autoclave","quirumed","2019-10-17",104,"MEDE","PD1");

Insert Into Costituisce VALUES
("VI1","MEFI"),
("VI1","CHGE"),
("VI2","CHMA"),
("VI2","CHVA"),
("VI2","MEDE"),
("VI2","MEFI"),
("VI2","CHGE"),
("PD1","CHMA"),
("PD1","CHVA"),
("PD1","MEDE"),
("PD1","MEFI"),
("PD1","CHGE"),
("TR1","CHMA"),
("TR1","CHVA"),
("TR1","MEDE"),
("TR1","MEFI"),
("TR1","CHGE"),
("BL1","CHMA"),
("BL1","CHVA"),
("BL1","MEDE"),
("BL1","MEFI"),
("BL1","CHGE");

Insert Into EsameEffettuato (paziente, tipo_esame, stanza, terapia, diagnosi, medico) Values
("VINMIL31D34A106D","TAC","1VI1CHMA",Null,Null,"MHMNCN37C42A001Z"),
("VIOSCH31D34A106D","Ecografia","2VI1CHVA",Null,Null,"DNDSVT65T22L477D"),
("VIRGEN31D34A106D","Visita medica","3VI1MEDE",Null,Null,"BNDNDR90E15G712A"),
("PIOMAN31D34A106D","Visita chirurgica","4VI1MEFI",Null,Null,"MTRGNN50T17I954Q"),
("QUIPAD31D34A106D","TAC","5VI1CHGE",Null,Null,"TRCGPR64P01F907M"),
("MELARC31D34A106D","Visita chirurgica","1VI2CHMA",Null,Null,"MGNVTI48A30F839B"),
("GIOFER31D34A106D","TAC","2VI2CHVA",Null,Null,"MGNVTI48A30F839B"),
("JNNPRM52C18B921X","Ecografia","3VI2MEDE",Null,Null,"TRCGPR64P01F907M");