																										
Insert into Paziente (CF nome cognome telefono via n_civico CAP) insert (																												
("	FRGLLI43H50H807Q	","	Lilia	","	Fragomena	","	Via Monte Amiata	","	00013	"	)	,																
("	BRRMTA62T13C849G	","	Amato	","	Oberarzbacher	","	Via Gino Cervi	","	40133	"	)	,																
("	DNCNZR40B03H524V	","	Nazzareno	","	Dinicuta	","	Via Enzo Ferrari	","	40138	"	)	,																
("	VRTGLL30H56F782L	","	Gisella	","	Vertua	","	Via Salita Ai Montesei	","	38057	"	)	,																
("	GRSDMN53H08C025S	","	Damiano	","	Geroso	","	Via Crocetta	","	41122	"	)	,																
("	JNNPRM52C18B921X	","	Priamo	","	Janner	","	Via Gorizia	","	10028	"	)	,																
("	TRNGTN93M02A861A	","	Gastone	","	Troncia	","	Corso Lamarmora	","	15121	"	)	,																
("	NLZGNR50T67B808E	","	Gennara	","	Naluzzo	","	Via Madre Teresa Di Calcutta	","	27020	"	)	,																
("	VRCMRM58M50C473E	","	Miriam	","	Avarucci	","	Via Emilia	","	27058	"	)	,																
("	SCHLVN58R61G128E	","	Livia	","	Floreal	","	Via Della Pace	","	40010	"	)	,																
("	LAVSCH31D34A106D	","	Lavinia	","	Schepici	","	Via Pio La Torre	","	56025	"	)	,																
("	CLACAM31D34A106D	","	Claudia	","	Camolese	","	Via Quiete	","	91100	"	)	,																
("	BRUFIO31D34A106D	","	Bruto	","	Fiorentino	","	VIA DELL'ABBONDANZA	","	81044	"	)	,																
("	DANROM31D34A106D	","	Danilo	","	Romani	","	VIA BARLETE	","	10050	"	)	,																
("	ANNTRE31D34A106D	","	Annunziata	","	Trentino	","	VICOLO BISSI	","	87070	"	)	,																
("	CHRMON31D34A106D	","	Christian	","	Monaldo	","	VIA BENELLI BRUNO	","	73040	"	)	,																
("	ANTDAV31D34A106D	","	Antonio	","	Davide	","	VIALE LOMBARDO MARCO	","	66030	"	)	,																
("	BRUMIL31D34A106D	","	Brunilde	","	Milani	","	VIA MISSIROLI ICILIO	","	56126	"	)	,																
("	GABRUS31D34A106D	","	Gabriella	","	Russo	","	VIA TOBAGI WALTER	","	51020	"	)	,																
("	BIBFIO31D34A106D	","	Bibiana	","	Fiorentino	","	VIA FIUMICELLO	","	66010	"	)	,																
("	RENCOS31D34A106D	","	Renato	","	Costa	","	VIA ALDINI ALDO	","	10090	"	)	,																
("	ANGDEL31D34A106D	","	Angelico	","	Dellucci	","	VIA RE FILIPPO	","	60010	"	)	,																
("	BENLO 31D34A106D	","	Benedetta	","	Lo Duca	","	VIA PIZZETTI ILDEBRANDO	","	14037	"	)	,																
("	PIEGAL31D34A106D	","	Piera	","	Gallo	","	VIA SEGURINI TERZO	","	33029	"	)	,																
("	PIEBAR31D34A106D	","	Pietro	","	Barese	","	VIA SAMARITANI AGIDE	","	81057	"	)	,																
("	NAZBON31D34A106D	","	Nazzareno	","	Boni	","	VIA ARGINE DESTRO SAVIO	","	27020	"	)	,																
("	LIBONI31D34A106D	","	Liberata	","	Onio	","	VIA DEL LAVORO	","	2047	"	)	,																
("	ROBBER31D34A106D	","	Roberta	","	Bergamaschi	","	VIA DE GASPERI ALCIDE	","	89865	"	)	,																
("	CARGRE31D34A106D	","	Carmela	","	Greece	","	VIA LA PALISSE JACQUES	","	63030	"	)	,																
("	VALMON31D34A106D	","	Valter	","	Monaldo	","	VIA HOLBEIN HANS	","	56020	"	)	,																
("	VITGRE31D34A106D	","	Vitale	","	Greece	","	VIA CHIESA DAMIANO	","	31055	"	)	,																
("	RINNAP31D34A106D	","	Rina	","	Napolitani	","	VIA CALLEGATI ARRIGO	","	41013	"	)	,																
("	SARBEL31D34A106D	","	Sara	","	Bellucci	","	VIA PRATO	","	12040	"	)	,																
("	OMEBEN31D34A106D	","	Omero	","	Beneventi	","	VIA MESINI DON GIOVANNI	","	25014	"	)	,																
("	ADOFOL31D34A106D	","	Adolfa	","	Folliero	","	VIA LAMA LUCIANO	","	8020	"	)	,																
("	GERRIZ31D34A106D	","	Gerardo	","	Rizzo	","	VIA BALDINI SANTI	","	18100	"	)	,																
("	LIAMAZ31D34A106D	","	Lia	","	Mazzanti	","	VIA TREDICI MARZO 1987	","	44000	"	)	,																
("	IGODAV31D34A106D	","	Igor	","	Davide	","	VIA FELISATTI GIROLAMO	","	36063	"	)	,																
("	ORTPAL31D34A106D	","	Ortensia	","	Palerma	","	VIA SILVAGNI DON NICOLA	","	36050	"	)	,																
("	ALFIAD31D34A106D	","	Alfreda	","	Iadanza	","	VIA TURCI DON MARIO	","	12030	"	)	,																
("	NICCAS31D34A106D	","	Nicodemo	","	Castiglione	","	VIA SALIETTI ALBERTO	","	89861	"	)	,																
("	ABETOS31D34A106D	","	Abele	","	Toscano	","	VIA GRANDI ACHILLE	","	89812	"	)	,																
("	MARRIC31D34A106D	","	Maria Teresa	","	Ricci	","	VIA MINGUZZI	","	10095	"	)	,																
("	PATDEL31D34A106D	","	Patrizio	","	Dellucci	","	VIA MATTEOTTI GIACOMO	","	10144	"	)	,																
("	PIOMAN31D34A106D	","	Pio	","	Manfrin	","	PIAZZALE SOPRANI WILMA	","	9040	"	)	,																
("	MELMIL31D34A106D	","	Melania	","	Milanesi	","	VIALE VIRGILIO PUBLIO MARONE	","	86084	"	)	,																
("	EMICAL31D34A106D	","	Emiliano	","	Calabresi	","	VIALE LUCANO ANNEO MARCO	","	66030	"	)	,																
("	VIRGEN31D34A106D	","	Virgilio	","	Genovese	","	PIAZZA COSTA ANDREA	","	27010	"	)	,																
("	CARBRU31D34A106D	","	Carmela	","	Bruno	","	VIA BARBONI ORAZIO	","	60020	"	)	,																
("	ANTLON31D34A106D	","	Antonietta	","	Longo	","	PIAZZALE ROSSI GIOVANNI BATTISTA	","	46040	"	)	,																
("	DOLBRU31D34A106D	","	Dolcelino	","	Bruno	","	VIA BUSMANTI DARIO	","	56026	"	)	,																
("	SAVCAL31D34A106D	","	Saverio	","	Calabresi	","	VIA ORIOLI LUIGI	","	64010	"	)	,																
("	VIOSCH31D34A106D	","	Viola	","	Schiavone	","	VIA CAPPI ALESSANDRO	","	34075	"	)	,																
("	CORLOR31D34A106D	","	Corinna	","	Lorenzo	","	VIA BAGNOLO	","	16012	"	)	,																
("	ADATRE31D34A106D	","	Adalgisa	","	Trevisan	","	VIA BIANCOLI FRATELLI	","	26040	"	)	,																
("	SIMCAT31D34A106D	","	Simonetta	","	Cattaneo	","	VIA MARIGNOLLI GIOVANNI	","	12070	"	)	,																
("	MICBIA31D34A106D	","	Michelino	","	Bianchi	","	VIA GARAVINI BRUNO	","	44042	"	)	,																
("	FEDNAP31D34A106D	","	Fedra	","	Napolitani	","	PIAZZA MAMELI GOFFREDO	","	6070	"	)	,																
("	BEAFAL31D34A106D	","	Beatrice	","	Fallaci	","	VIA LA TORRE PIO	","	45010	"	)	,																
("	LEALON31D34A106D	","	Leardo	","	Longo	","	VIA ABBA CESARE	","	73030	"	)	,																
("	FABFER31D34A106D	","	Fabrizia	","	Ferrari	","	VIA ACQUARA SUPERIORE	","	74010	"	)	,																
("	ADAEND31D34A106D	","	Adalfredo	","	Endrizzi	","	VIA COSTANTINI MARIO	","	15020	"	)	,																
("	PLAFER31D34A106D	","	Placido	","	Ferri	","	VIA DEI TRE LATI	","	47824	"	)	,																
("	TIMMIL31D34A106D	","	Timotea	","	Milani	","	VIA FABBRI	","	81012	"	)	,																
("	WALCAS31D34A106D	","	Walter	","	Castiglione	","	VIA SAVINIO ALBERTO	","	61030	"	)	,																
("	CIRBIA31D34A106D	","	Ciriaco	","	Bianchi	","	VICOLO CHIESA	","	24060	"	)	,																
("	CESDEL31D34A106D	","	Cesare	","	Dellucci	","	CARRAIA VANGATICCIO	","	55010	"	)	,																
("	OLIFAN31D34A106D	","	Olinto	","	Fanucci	","	CARRAIA CANOVA	","	17026	"	)	,																
("	SANTRE31D34A106D	","	Santina	","	Trevisan	","	VICOLO DEL SALE	","	25041	"	)	,																
("	AMBTOS31D34A106D	","	Ambrosino	","	Toscano	","	CARRARONE CHIESA	","	28070	"	)	,																
("	ELIMAN31D34A106D	","	Elisa	","	Manfrin	","	VICOLO CHIESA	","	36070	"	)	,																
("	GIOFER31D34A106D	","	Gioele	","	Ferrari	","	VIA SINISTRA CANALE MOLINETTO	","	30035	"	)	,																
("	SANROM31D34A106D	","	Sandro	","	Romano	","	CARRAIA GRAZIANI	","	27020	"	)	,																
("	VINMIL31D34A106D	","	Vincenza	","	Milanesi	","	CARRAIA SORBOLI	","	61020	"	)	,																
("	EMAMAZ31D34A106D	","	Emanuela	","	Mazzi	","	VIALE CABOTO	","	36012	"	)	,																
("	DIOPIC31D34A106D	","	Dionisio	","	Piccio	","	VIA MONTAGNOLA	","	59100	"	)	,																
("	REBMAR31D34A106D	","	Rebecca	","	Marcelo	","	PIAZZA MAZZINI GIUSEPPE	","	46041	"	)	,																
("	BONFER31D34A106D	","	Bonacata	","	Ferrari	","	VIA DEL DOTTORE	","	45100	"	)	,																
("	DEMLOM31D34A106D	","	Demetrio	","	Lombardo	","	VIA DEL BORGO	","	52030	"	)	,																
("	MAUMIL31D34A106D	","	Maura	","	Milano	","	VIA DORSO GUIDO	","	41010	"	)	,																
("	NARFIO31D34A106D	","	Narciso	","	Fiorentino	","	VIA NOCE TERESA	","	16121	"	)	,																
("	CASLOR31D34A106D	","	Cassandra	","	Lori	","	VIA FORLIVESE	","	23035	"	)	,																
("	FACBER31D34A106D	","	Facino	","	Bergamaschi	","	VIA BAGNOLO	","	47018	"	)	,																
("	BERPIA31D34A106D	","	Berenice	","	Piazza	","	VIA DISMANO	","	95030	"	)	,																
("	GIOPIS31D34A106D	","	Giovanni	","	Pisani	","	VIA STANDIANA	","	61024	"	)	,																
("	BERSAG31D34A106D	","	Berengario	","	Sagese	","	VIA DISMANINO	","	6057	"	)	,																
("	IOLROS31D34A106D	","	Iolanda	","	Rossi	","	VIA SANT'ALBERTO	","	74020	"	)	,																
("	MACNAP31D34A106D	","	Macaria	","	Napolitani	","	VIA FARINI EPAMINONDA	","	12060	"	)	,																
("	FILBEL31D34A106D	","	Filomena	","	Bellucci	","	VIA SAN VITALE STRADA STATALE	","	41021	"	)	,																
("	ARTARC31D34A106D	","	Arturo	","	Arcuri	","	VIA CASTELLO	","	28040	"	)	,																
("	ANGCAL31D34A106D	","	Angelico	","	Calabrese	","	VIA TORRES CAMILLO	","	27020	"	)	,																
("	GINDER31D34A106D	","	Gina	","	DeRose	","	VIA BUOZZI BRUNO	","	55030	"	)	,																
("	NORLI 31D34A106D	","	Norberto	","	Li Fonti	","	VIA PIERO DELLA FRANCESCA	","	59011	"	)	,																
("	GAEMON31D34A106D	","	Gaetana	","	Monaldo	","	VIA BALLARDINI GIUSEPPE	","	17037	"	)	,																
("	ALVNAP31D34A106D	","	Alvisa	","	Napolitano	","	VIA DEL TEATRO SOCJALE	","	31059	"	)	,																
("	MELARC31D34A106D	","	Melissa	","	Arcuri	","	VIA DALLA CHIESA CARLO ALBERTO	","	24040	"	)	,																
("	OREBEL31D34A106D	","	Orestilla	","	Bellucci	","	PARCO DEL SOLE	","	88837	"	)	,																
("	MARPIC31D34A106D	","	Maria	","	Piccio	","	PARCO PASSO DI SAN GERVASIO	","	15021	"	)	,																
("	AMAMIL31D34A106D	","	Amaranto	","	Milanesi	","	PARCO DELLA PACE	","	38050	"	)	,																
("	ILDSAL31D34A106D	","	Ilda	","	Sal	","	PARCO DEGLI ALBERI FATATI	","	90121	"	)	,																
("	LINDE 31D34A106D	","	Lina	","	De Luca	","	VIA CHIESA	","	21052	"	)	,																
("	VIVNAP31D34A106D	","	Vivaldo	","	Napolitano	","	VIA DELLA CILLA	","	39056	"	)	,																
("	QUIPAD31D34A106D	","	Quirino	","	Padovesi	","	VIA RICCI CORRADO	","	165	"	)	,																
("	ISAGAL31D34A106D	","	Isaia	","	Gallo	","	VIA SCHIAPPARELLI GIOVANNI VIRGILIO	","	31020	"	)	,																
("	LODPIC31D34A106D	","	Lodovica	","	Piccio	","	VIA FRISI PAOLO	","	11020	"	)	,																
("	GERPIS31D34A106D	","	Gerardino	","	Pisani	","	VIA BOZZI ALDO	","	10010	"	)	,																
("	ERMLUC31D34A106D	","	Ermes	","	Lucchesi	","	VIA BACCARINI ALFREDO	","	73012	"	)	,																
("	ALISCH31D34A106D	","	Alighiero	","	Schiavone	","	VIA QUASIMODO SALVATORE	","	23865	"	)	,																
("	STACAL31D34A106D	","	Stanislao	","	Calabrese	","	VIA PACIOLI LUCA	","	87060	"	)	,																
("	ADRBRU31D34A106D	","	Adriana	","	Bruno	","	LUNGOMARE COLOMBO CRISTOFORO	","	19010	"	)	,																
("	ORAUDI31D34A106D	","	Orazio	","	Udinesi	","	VICOLO CHIESA	","	10068	"	)	,																
("	OFERIC31D34A106D	","	Ofelia	","	Ricci	","	VIALE ALBERTI LEON BATTISTA	","	12010	"	)	;																
																												
																												
INSERT INTO StanzaRi ( n_stanza, sede, reparto, prezzo_notte, tipo) VALUES																												
(	1	,"	VI1	","	CHMA	",	20	,"	standard	"	),																	
(	2	,"	VI1	","	CHVA	",	20	,"	standard	"	),																	
(	3	,"	VI1	","	MEDE	",	20	,"	standard	"	),																	
(	4	,"	VI1	","	MEFI	",	20	,"	standard	"	),																	
(	5	,"	VI1	","	CHGE	",	30	,"	comfort	"	),																	
(	6	,"	VI1	","	CHMA	",	30	,"	comfort	"	),																	
(	7	,"	VI1	","	CHVA	",	30	,"	comfort	"	),																	
(	8	,"	VI1	","	MEDE	",	30	,"	comfort	"	),																	
(	9	,"	VI1	","	MEFI	",	30	,"	comfort	"	),																	
(	10	,"	VI1	","	CHGE	",	50	,"	suite	"	),																	
(	11	,"	VI1	","	CHMA	",	50	,"	suite	"	),																	
(	12	,"	VI1	","	CHVA	",	50	,"	suite	"	),																	
(	13	,"	VI1	","	MEDE	",	50	,"	suite	"	),																	
(	14	,"	VI1	","	MEFI	",	50	,"	suite	"	),																	
(	15	,"	VI1	","	CHGE	",	50	,"	suite	"	),																	
(	1	,"	VI2	","	CHMA	",	20	,"	standard	"	),																	
(	2	,"	VI2	","	CHVA	",	20	,"	standard	"	),																	
(	3	,"	VI2	","	MEDE	",	20	,"	standard	"	),																	
(	4	,"	VI2	","	MEFI	",	20	,"	standard	"	),																	
(	5	,"	VI2	","	CHGE	",	30	,"	comfort	"	),																	
(	6	,"	VI2	","	CHMA	",	30	,"	comfort	"	),																	
(	7	,"	VI2	","	CHVA	",	30	,"	comfort	"	),																	
(	8	,"	VI2	","	MEDE	",	30	,"	comfort	"	),																	
(	9	,"	VI2	","	MEFI	",	30	,"	comfort	"	),																	
(	10	,"	VI2	","	CHGE	",	50	,"	suite	"	),																	
(	11	,"	VI2	","	CHMA	",	50	,"	suite	"	),																	
(	12	,"	VI2	","	CHVA	",	50	,"	suite	"	),																	
(	13	,"	VI2	","	MEDE	",	50	,"	suite	"	),																	
(	14	,"	VI2	","	MEFI	",	50	,"	suite	"	),																	
(	15	,"	VI2	","	CHGE	",	50	,"	suite	"	),																	
(	1	,"	PD1	","	CHMA	",	20	,"	standard	"	),																	
(	2	,"	PD1	","	CHVA	",	20	,"	standard	"	),																	
(	3	,"	PD1	","	MEDE	",	20	,"	standard	"	),																	
(	4	,"	PD1	","	MEFI	",	20	,"	standard	"	),																	
(	5	,"	PD1	","	CHGE	",	30	,"	comfort	"	),																	
(	6	,"	PD1	","	CHMA	",	30	,"	comfort	"	),																	
(	7	,"	PD1	","	CHVA	",	30	,"	comfort	"	),																	
(	8	,"	PD1	","	MEDE	",	30	,"	comfort	"	),																	
(	9	,"	PD1	","	MEFI	",	30	,"	comfort	"	),																	
(	10	,"	PD1	","	CHGE	",	50	,"	suite	"	),																	
(	11	,"	PD1	","	CHMA	",	50	,"	suite	"	),																	
(	12	,"	PD1	","	CHVA	",	50	,"	suite	"	),																	
(	13	,"	PD1	","	MEDE	",	50	,"	suite	"	),																	
(	14	,"	PD1	","	MEFI	",	50	,"	suite	"	),																	
(	15	,"	PD1	","	CHGE	",	50	,"	suite	"	),																	
(	1	,"	TR1	","	CHMA	",	20	,"	standard	"	),																	
(	2	,"	TR1	","	CHVA	",	20	,"	standard	"	),																	
(	3	,"	TR1	","	MEDE	",	20	,"	standard	"	),																	
(	4	,"	TR1	","	MEFI	",	20	,"	standard	"	),																	
(	5	,"	TR1	","	CHGE	",	30	,"	comfort	"	),																	
(	6	,"	TR1	","	CHMA	",	30	,"	comfort	"	),																	
(	7	,"	TR1	","	CHVA	",	30	,"	comfort	"	),																	
(	8	,"	TR1	","	MEDE	",	30	,"	comfort	"	),																	
(	9	,"	TR1	","	MEFI	",	30	,"	comfort	"	),																	
(	10	,"	TR1	","	CHGE	",	50	,"	suite	"	),																	
(	11	,"	TR1	","	CHMA	",	50	,"	suite	"	),																	
(	12	,"	TR1	","	CHVA	",	50	,"	suite	"	),																	
(	13	,"	TR1	","	MEDE	",	50	,"	suite	"	),																	
(	14	,"	TR1	","	MEFI	",	50	,"	suite	"	),																	
(	15	,"	TR1	","	CHGE	",	50	,"	suite	"	),																	
(	1,00	,"	BL1	","	CHMA	",	20	,"	standard	"	),																	
(	2,00	,"	BL1	","	CHVA	",	20	,"	standard	"	),																	
(	3,00	,"	BL1	","	MEDE	",	20	,"	standard	"	),																	
(	4,00	,"	BL1	","	MEFI	",	20	,"	standard	"	),																	
(	5,00	,"	BL1	","	CHGE	",	30	,"	comfort	"	),																	
(	6,00	,"	BL1	","	CHMA	",	30	,"	comfort	"	),																	
(	7,00	,"	BL1	","	CHVA	",	30	,"	comfort	"	),																	
(	8,00	,"	BL1	","	MEDE	",	30	,"	comfort	"	),																	
(	9,00	,"	BL1	","	MEFI	",	30	,"	comfort	"	),																	
(	10,00	,"	BL1	","	CHGE	",	50	,"	suite	"	),																	
(	11,00	,"	BL1	","	CHMA	",	50	,"	suite	"	),																	
(	12,00	,"	BL1	","	CHVA	",	50	,"	suite	"	),																	
(	13,00	,"	BL1	","	MEDE	",	50	,"	suite	"	),																	
(	14,00	,"	BL1	","	MEFI	",	50	,"	suite	"	),																	
(	15,00	,"	BL1	","	CHGE	",	50	,"	suite	"	),																	
																												
																												
Insert Into Reparto ('codice', 'tipo', 'primario') Values																												
("	CHMA	","	Maxillo	","	FNCGLG68E05F399E		"),																					
("	CHVA	","	Chirurgia vascolare	","	ANDDND68E05F399E		"),																					
("	MEDE	","	Dermatologia	","	QNTSVT69P09G712B		"),																					
("	MEFI	","	Fisioterapia	","	PCLNCL63A31D128G		"),																					
("	CHGE	","	Chirurgia Generale	","	MRNTRN80P28L049T		");																					
																												
																												
Insert Into TipoEsame (nome, prezzo) values																												
("	TAC	",	100	),																								
("	Ecografia	",	70	),																								
("	Visita medica 	",	75	),																								
("	Visita chirurgica	",	85	),																								
("	Prelievo	",	45	);																								
																												
Insert Into PrenotazioneStanza (data_inizio, data_fine, data_p, pagamento, paziente, stanza, reparto, sede)																												
("	2020-02-10	","	2020-02-15	","	2020-01-04	",	0	,"	FABFER31D34A106D	","	1	","	CHMA	","	VI1	"),												
("	2020-02-11	","	2020-02-16	","	2020-01-03	",	0	,"	LINDE 31D34A106D	","	3	","	MEDE	","	PD1	"),												
("	2020-02-12	","	2020-02-17	","	2020-01-02	",	0	,"	GIOPIS31D34A106D	","	10	","	MEFI	","	BL1	"),												
("	2020-02-05	","	2020-02-13	","	2020-01-01	",	1	,"	MELARC31D34A106D	","	12	","	MEDE	","	TR1	"),												
("	2020-02-14	","	2020-02-19	","	2019-12-31	",	0	,"	LODPIC31D34A106D	","	2	","	MEFI	","	VI1	"),												
("	2020-02-15	","	2020-02-20	","	2019-12-30	",	0	,"	IOLROS31D34A106D	","	5	","	CHGE	","	VI2	"),												
("	2020-02-16	","	2020-02-21	","	2019-12-29	",	0	,"	ALISCH31D34A106D	","	7	","	CHGE	","	VI2	");												
																												
Insert Into Macchinario (n_serie, nome, casa_prod, ultima_revisione, n_stanza, reparto, sede) VALUES												
(	23927102734	,"	Armadio porta farmaci	","	2019-10-10	",	1	,"	CHMA	","	VI2	"),
(	23927102740	,"	Aspiratore	","	2019-10-11	",	2	,"	CHVA	","	VI2	"),
(	23927102746	,"	ECG	","	2019-10-12	",	2	,"	CHVA	","	VI1	"),
(	23927102752	,"	Autoclave	","	2019-10-13	",	4	,"	CHGE	","	TR1	"),
(	23927102758	,"	Armadio porta farmaci	","	2019-10-14	",	1	,"	MEDE	","	BL1	"),
(	23927102764	,"	Aspiratore	","	2019-10-15	",	3	,"	MEFI	","	TR1	"),
(	23927102770	,"	ECG	","	2019-10-16	",	2	,"	CHMA	","	PD1	"),
(	23927102776	,"	Autoclave	","	2019-10-17	",	4	,"	MEDE	","	PD1	");															
																												
Insert Into Costituisce (sede, reparto) VALUES																												
("	VI1	","	CHMA	"),																								
("	VI1	","	CHVA	"),																								
("	VI1	","	MEDE	"),																								
("	VI1	","	MEFI	"),																								
("	VI1	","	CHGE	"),																								
("	VI2	","	CHMA	"),																								
("	VI2	","	CHVA	"),																								
("	VI2	","	MEDE	"),																								
("	VI2	","	MEFI	"),																								
("	VI2	","	CHGE	"),																								
("	PD1	","	CHMA	"),																								
("	PD1	","	CHVA	"),																								
("	PD1	","	MEDE	"),																								
("	PD1	","	MEFI	"),																								
("	PD1	","	CHGE	"),																								
("	TR1	","	CHMA	"),																								
("	TR1	","	CHVA	"),																								
("	TR1	","	MEDE	"),																								
("	TR1	","	MEFI	"),																								
("	TR1	","	CHGE	"),																								
("	BL1	","	CHMA	"),																								
("	BL1	","	CHVA	"),																								
("	BL1	","	MEDE	"),																								
("	BL1	","	MEFI	"),																								
("	BL1	","	CHGE	");																								
																												
Insert Into EsameEffettuato (paziente, tipo_esame, stanza, terapia, diagnosi, medico) Values																												
("	CHM131D34A106D	","	CHMA	","	1	VI1	CHMA	",	Null	,	Null	,"	MHMNCN37C42A001Z		"),													
("	CHV231D34A106D	","	CHVA	","	2	VI1	CHVA	",	Null	,	Null	,"	DND SVT 65T22 L477D		"),													
("	MED331D34A106D	","	MEDE	","	3	VI1	MEDE	",	Null	,	Null	,"	BND NDR 90E15 G712A		"),													
("	MEF431D34A106D	","	MEFI	","	4	VI1	MEFI	",	Null	,	Null	,"	MTR GNN 50T17 I954Q		"),													
("	CHG531D34A106D	","	CHGE	","	5	VI1	CHGE	",	Null	,	Null	,"	TRC GPR 64P01 F907M		"),													
("	CHM131D34A106D	","	CHMA	","	1	VI2	CHMA	",	Null	,	Null	,"	MGN VTI 48A30 F839B		"),													
("	CHV231D34A106D	","	CHVA	","	2	VI2	CHVA	",	Null	,	Null	,"	MGN VTI 48A30 F839B		"),													
("	MED331D34A106D	","	MEDE	","	3	VI2	MEDE	",	Null	,	Null	,"	TRC GPR 64P01 F907M		");													
																												
																												
																												
																												
																												
																												
																												
																												
																												
																												
																												
																												
																												
																												
																												
																												
																												
																												
																												
																												
																												
																												
																												
																												
																												
																												
																												
																												
																												
																												
																												
																												
																												
																												
																												
																												
																												
																												
																												
																												
																												
																												
																												
																												
																												
																												
																												
																												
																												
																												
																												
																												
																												
																												
																												
																												
																												
																												
																												
																												
																												
																												
																												
																												
																												
																												
																												
																												
																												
																												
																												
																												
																												
																												
																												
																												
																												
																												
																												
																												
																												
																												
																												
																												
																												
																												
																												
																												
																												
																												
																												
																												
																												
																												
																												
																												
																												
																												
																												
																												
																												
																												
																												
																												
																												
																												
																												
																												
																												
																												
																												
																												
																												
																												
																												
																												
																												
																												
																												
																												
																												
																												
																												
																												
																												
																												
																												
																												
																												
																												
																												
																												
																												
																												
																												
																												
																												
																												
																												
																												
																												
																												
																												
																												
																												
																												
																												
																												
																												
																												
																												
																												
																												
																												
																												
																												
																												
																												
																												
																												
																												
																												
																												
																												
																												
																												
																												
																												
																												
																												
																												
																												
																												
																												
																												
																												
																												
																												
																												
																												
																												
																												
																												
																												
																												
																												
																												
																												
																												
																												
																												
																												
																												
																												
																												
																												
																												
																												
																												
																												
																												
																												
																												
																												
																												
																												
																												
																												
																												
																												
																												
																												
																												
																												
																												
																												
																												
																												
																												
																												
																												
																												
																												
																												
																												
																												
																												
																												
																												
																												
																												
																												
																												
																												
																												
																												
																												
																												
																												
																												
																												
																												
																												
																												
																												
																												
																												
																												
																												
																												
																												
																												
																												
																												
																												
																												
																												
																												
																												
																												
																												
																												
																												
																												
																												
																												
																												
																												
																												
																												
																												
																												
																												
																												
																												
																												
																												
																												
																												
																												
																												
																												
																												
																												
																												
																												
																												
																												
																												
																												
																												
																												
																												
																												
																												
																												
																												
																												
																												
																												
																												
																												
																												
																												
																												
																												
																												
																												
																												
																												
																												
																												
																												
																												
																												
																												
																												
																												
																												
																												
																												
																												
																												
																												
																												
																												
																												
																												
																												
																												
																												
																												
																												
																												
																												
																												
																												
																												
																												
																												
																												
																												
																												
																												
																												
																												
																												
																												
																												
																												
																												
																												
																												
																												
																												
																												
																												
																												
																												
																												
																												
																												
																												
																												
																												
																												
																												
																												
																												
																												
																												
																												
																												
																												
																												
																												
																												
																												
																												
																												
																												
																												
																												
																												
																												
																												
																												
																												
																												
																												
																												
																												
																												
																												
																												
																												
																												
																												
																												
																												
																												
																												
																												
																												
																												
																												
																												
																												
																												
																												
																												
																												
																												
																												
																												
																												
																												
																												
																												
																												
																												
																												
																												
																												
																												
																												
																												
																												
																												
																												
																												
																												
																												
																												
																												
																												
																												
																												
																												
																												
																												
																												
																												
																												
																												
																												
																												
																												
																												
																												
																												
																												
																												
																												
																												
																												
																												
																												
																												
																												
																												
																												
																												
																												
																												
																												
																												
																												
																												
																												
																												
																												
																												
																												
																												
																												
																												
																												
																												
																												
																												
																												
																												
																												
																												
																												
																												
																												
																												
																												
																												
																												
																												
																												
																												
																												
																												
																												
																												
																												
																												
																												
																												
																												
																												
																												
																												
																												
																												
																												
																												
																												
																												
																												
																												
																												
																												
																												
																												
																												
																												
																												
																												
																												
																												
																												
																												
																												
																												
																												
																												
																												
																												
																												
																												
																												
																												
																												
																												
																												
																												
																												
																												
																												
																												
																												
																												
																												
																												
																												
																												
																												
																												
																												
																												
																												
																												
																												
																												
																												
																												
																												
																												
																												
																												
																												
																												
																												
																												
																												
																												
																												
																												
																												
																												
																												
																												
																												
																												
																												
																												
																												
																												
																												
																												
																												
																												
																												
																												
																												
																												
																												
																												
																												
																												
																												
																												
																												
																												
																												
																												
																												
																												
																												
																												
																												
																												
																												
																												
																												
																												
																												
																												
																												
																												
																												
																												
																												
																												
																												
																												
																												
																												
																												
																												
																												
																												
																												
																												
																												
																												
																												
																												
																												
																												
																												
																												
																												
																												
																												
																												
																												
																												
																												
																												
																												
																												
																												
																												
																												
																												
																												
																												
																												
																												
																												
																												
																												
																												
																												
																												
																												
																												
																												
																												
																												
																												
																												
																												
																												
																												
																												
																												
																												
																												
																												
																												
																												
																												
																												
																												
																												
																												
																												
																												
																												
																												
																												
																												
																												
																												
																												
																												
																												
																												
																												
																												
																												
																												
																												
																												
																												
																												
																												
																												
																												
																												
																												